Attributes.business_name,Attributes.website_link,Address,Attributes.telephone,Location.Region,Location.City,User.UserAttributes.keyword,Address_line1,Location.PostalCode,ChannelType
Bearly Marketing,http://bearlymarketing.com,info@bearlymarketing.com,4246341891.0,CA,Manhattan Beach,Advertising,509 N Sepulveda Blvd,90266.0,EMAIL
WORD-OLOGY,http://word-ology.com,sabrina@word-ology.com,9176708440.0, , ,Advertising, ,,EMAIL
Dymic Digital,http://dymic.com,info@dymic.com,3107064182.0,CA,Manhattan Beach,Advertising,1500 Rosecrans Ave,90266.0,EMAIL
EMaximize,http://emaximize.com,info@emaximize.com,3107064051.0,CA,Manhattan Beach,Advertising,1500 Rosecrans,90266.0,EMAIL
South of LA,http://southofla.com,support@southofla.com,5623170157.0, , ,Advertising, ,,EMAIL
South of LA,http://southofla.com,info@southofla.com,5623170157.0, , ,Advertising, ,,EMAIL
BLS Public Relations,http://blspr.com,kcullotta@chicagotribune.com,6575225777.0,CA,Manhattan Beach,Advertising,425 15th St,90266.0,EMAIL
BLS Public Relations,http://blspr.com,kcullotta@tribpub.com,6575225777.0,CA,Manhattan Beach,Advertising,425 15th St,90266.0,EMAIL
Full Spectrum Marketing,http://fullspectrumimpact.com,francey@fullspectrumimpact.com,3102514398.0, , ,Advertising, ,,EMAIL
GoGoIT,http://gogoit.com,support@gogoit.com,3103599596.0,CA,Manhattan Beach,Advertising,2711 N Sepulveda Blvd,90266.0,EMAIL
Image360 - El Segundo,http://image360.com,datagov@alliancefranchisebrands.com,3105770300.0,CA,El Segundo,Advertising,363 Coral Cir,90245.0,EMAIL
Image360 - El Segundo,http://image360.com,info@image360.com,3105770300.0,CA,El Segundo,Advertising,363 Coral Cir,90245.0,EMAIL
Neo Genesis WEB,http://neogenesisweb.com,info@neogenesisweb.com,3236087375.0, , ,Advertising, ,,EMAIL
Highly Relevant,http://highlyrelevant.com,info@laseoservice.com,3103969299.0,CA,Los Angeles,Advertising,1700 E Walnut Ave,90245.0,EMAIL
Off the Lip,http://offthelip.com,sales@offthelip.com,3103637151.0,CA,El Segundo,Advertising,840 Apollo St,90245.0,EMAIL
COTUA,http://cotua.com,contact@providesocial.com,3212091870.0,CA,Manhattan Beach,Advertising,1147 Highland Ave,90266.0,EMAIL
Hermosa Beach Marketing,http://hermosabeachmarketing.com,info@packair.com,3239075069.0,CA,Hermosa Beach,Advertising,215 Pier Ave,90254.0,EMAIL
Radar Strategy Group,http://radarstrategygroup.com,totran.radke@gmail.com,3234351630.0,CA,Redondo Beach,Advertising,4001 Inglewood Ave,90278.0,EMAIL
Square Pocket Media,http://squarepocketmedia.com,info@squarepocketmedia.com,3109825006.0,CA,Manhattan Beach,Advertising,1021 N Sepulveda Blvd,90266.0,EMAIL
Blu Echo Design,http://bluechodesign.com,kat@bluechodesign.com,2153000376.0,CA,Redondo Beach,Advertising,409 N Pacific Coast Hwy 273 90277,90277.0,EMAIL
Blu Echo Design,http://bluechodesign.com,lisa@bluechodesign.com,2153000376.0,CA,Redondo Beach,Advertising,409 N Pacific Coast Hwy 273 90277,90277.0,EMAIL
The Graphic Element,http://thegraphicelement.com,hello@thegraphicelement.com,3107982711.0,CA,Manhattan Beach,Advertising,321 12th St,90266.0,EMAIL
NOMAD DV,http://nomaddv.com,contact@nomaddv.com,3109741000.0,CA,El Segundo,Advertising,125 Sierra St,90245.0,EMAIL
Insite Grafix,http://insitegrafix.com,info@insitegrafix.com,3106792525.0,CA,Hawthorne,Advertising,13801 Hawthorne Blvd,90250.0,EMAIL
The Copy Shop,http://Www.copyshopmb.com,services@copyshopmb.com,3103743666.0,CA,Manhattan Beach,Advertising,1811 Manhattan Beach Blvd,90266.0,EMAIL
Radius Mobile Apps,http://radiusmobileapps.com,todd@radiusmobileapps.com,4242626131.0,CA,Hermosa Beach,Advertising,925 Manhattan Ave,90254.0,EMAIL
The LaunchPad Agency,http://launchpadagency.com,contact@launchpadagency.com,8886619711.0,CA,Manhattan Beach,Advertising,1240 Rosecrans Ave,90266.0,EMAIL
Socialtyze,http://socialtyze.com,privacy@socialtyze.com,3105469539.0,CA,Manhattan Beach,Advertising,3701 Highland Ave,90266.0,EMAIL
Socialtyze,http://socialtyze.com,info@socialtyze.com,3105469539.0,CA,Manhattan Beach,Advertising,3701 Highland Ave,90266.0,EMAIL
Socialtyze,http://socialtyze.com,hello@socialtyze.com,3105469539.0,CA,Manhattan Beach,Advertising,3701 Highland Ave,90266.0,EMAIL
PixelFish,http://pixelfish.com,info@pixelfish.com,8883082009.0,CA,Manhattan Beach,Advertising,1600 Rosecrans Ave,90266.0,EMAIL
Trellian,http://trellian.com,sales@trellian.com,3107364230.0,CA,Los Angeles,Advertising,5220 Pacific Concourse Dr,90045.0,EMAIL
Trellian,http://trellian.com,contact@trellian.com,3107364230.0,CA,Los Angeles,Advertising,5220 Pacific Concourse Dr,90045.0,EMAIL
Trellian,http://trellian.com,accountmanager@trellian.com,3107364230.0,CA,Los Angeles,Advertising,5220 Pacific Concourse Dr,90045.0,EMAIL
Trellian,http://trellian.com,privacy@trellian.com,3107364230.0,CA,Los Angeles,Advertising,5220 Pacific Concourse Dr,90045.0,EMAIL
Hour One,http://houroneagency.com,hello@houroneagency.com,3109540926.0,CA,El Segundo,Advertising,215 Arena St,90245.0,EMAIL
Hour One,http://houroneagency.com,jeanann@houroneagency.com,3109540926.0,CA,El Segundo,Advertising,215 Arena St,90245.0,EMAIL
Pipeline Marketing,http://pipeline.agency,info@pipeline-inc.com,8883607473.0,CA,Manhattan Beach,Advertising,1600 Rosecrans Ave,90266.0,EMAIL
Pipeline Marketing,http://pipeline.agency,hello@pipeline.agency,8883607473.0,CA,Manhattan Beach,Advertising,1600 Rosecrans Ave,90266.0,EMAIL
The Beach Reporter,http://tbrnews.com,editor@tbrnews.com,3103720388.0,CA,Hermosa Beach,Advertising,2615 Pacific Coast Hwy,90254.0,EMAIL
The Beach Reporter,http://tbrnews.com,lisa.jacobs@tbrnews.com,3103720388.0,CA,Hermosa Beach,Advertising,2615 Pacific Coast Hwy,90254.0,EMAIL
Apollo Interactive,http://apollointeractive.com,info@apollointeractive.com,3108369777.0,CA,El Segundo,Advertising,139 Illinois St,90245.0,EMAIL
Apollo Interactive,http://apollointeractive.com,requests@apollointeractive.com,3108369777.0,CA,El Segundo,Advertising,139 Illinois St,90245.0,EMAIL
BrandEcho,http://brandecho.com,connect@brandecho.com,4242441144.0,CA,Hermosa Beach,Advertising,1601 Pacific Coast Highway,90254.0,EMAIL
Vision Print and Packaging,http://vpandp.com,info@vpandp.com,3107937700.0,CA,Redondo Beach,Advertising,2503 Artesia Blvd,90278.0,EMAIL
Vision Print and Packaging,http://vpandp.com,info@visionprintmedia.com,3107937700.0,CA,Redondo Beach,Advertising,2503 Artesia Blvd,90278.0,EMAIL
Consumertrack,http://consumertrack.com,info@consumertrack.com,3102979233.0,CA,El Segundo,Advertising,1700 E Walnut Ave,90245.0,EMAIL
Consumertrack,http://consumertrack.com,privacy@consumertrack.com,3102979233.0,CA,El Segundo,Advertising,1700 E Walnut Ave,90245.0,EMAIL
Strausberg Group,http://strausberggroup.com,info@strausberggroup.com,3105964690.0,CA,Santa Monica,Advertising,2525 Main St,90405.0,EMAIL
Front Row Media,http://frontrowmedia.com,info@frontrowmedia.com,3109784150.0,CA,El Segundo,Advertising,210 Penn St,90245.0,EMAIL
Eat Sleep Work,http://eatsleepwork.com,bff@eatsleepwork.com,3104509102.0,CA,El Segundo,Advertising,360 N Pacific Coast Hwy,90245.0,EMAIL
Digital Agency FPCo.,http://fpco.digital,contact@fpco.digital,3108805793.0, , ,Advertising, ,,EMAIL
EPR Social,http://exposurepublicrelations.com,corey@exposurepublicrelations.com,,CA,Redondo Beach,Advertising,1603 Aviation Blvd,90278.0,EMAIL
J Squared Communications,http://jsquaredcomm.com,hello@jsquaredcomm.com,2132964448.0,CA,North Hollywood,Advertising,5062 Lankershim Blvd,91601.0,EMAIL
Siltanen and Partners,http://siltanenpartners.com,careers@siltanen.com,3103215200.0,CA,El Segundo,Advertising,353 Coral Cir,90245.0,EMAIL
Siltanen and Partners,http://siltanenpartners.com,hello@siltanen.com,3103215200.0,CA,El Segundo,Advertising,353 Coral Cir,90245.0,EMAIL
Siltanen and Partners,http://siltanenpartners.com,media@siltanen.com,3103215200.0,CA,El Segundo,Advertising,353 Coral Cir,90245.0,EMAIL
Siltanen and Partners,http://siltanenpartners.com,interns@siltanen.com,3103215200.0,CA,El Segundo,Advertising,353 Coral Cir,90245.0,EMAIL
Siltanen and Partners,http://siltanenpartners.com,business@siltanen.com,3103215200.0,CA,El Segundo,Advertising,353 Coral Cir,90245.0,EMAIL
Design Intensified,http://designintensified.com,info@designintensified.com,3109827827.0,CA,Redondo Beach,Advertising,2000 Robinson St,90278.0,EMAIL
The Client Finder,http://theclientfinder.com,info@theclientfinder.com,3104301820.0, , ,Advertising, ,,EMAIL
Vantage Media,http://vantagemedia.com,info@vantagemedia.io,3102196200.0,CA,El Segundo,Advertising,2381 Rosecrans Ave,90245.0,EMAIL
STITCHES N' SCREENS,http://stitchesnscreens.net,breidbart@yahoo.com,4243507605.0, , ,Advertising, ,,EMAIL
Gail Gonzales Photo & Design,http://continuous.agency,gail@continuous.agency,3236100655.0, , ,Advertising, ,,EMAIL
Gail Gonzales Photo & Design,http://continuous.agency,gail.gonzales@thecontinuousline.com,3236100655.0, , ,Advertising, ,,EMAIL
Mobie Experiential Trucks,http://mobie-experientialtrucks.com,luciano@latinotype.com,8336624285.0,CA,Hawthorne,Advertising,12816 Inglewood Ave,90250.0,EMAIL
Click Foundry,http://clickfoundry.co,christian@clickfoundry.co,4243762287.0,CA,Lawndale,Advertising,16500 Hawthorne Blvd,90260.0,EMAIL
GPS Flyers,http://gpsflyers.com,sales@gpsflyers.com,8555919111.0, , ,Advertising, ,,EMAIL
Workhorse Sign Co,http://workhorsesignco.net,workhorsesignco@gmail.com,3104335247.0, , ,Advertising, ,,EMAIL
Outlaw Graphix,http://outlawgraphix.com,info@outlawgraphix.com,3106479906.0,CA,Gardena,Advertising,16719 Gramercy Pl,90247.0,EMAIL
"Sir Speedy Print, Signs, Marketing",http://sirspeedy.com,sirspeedy.dc@comcast.net,3102126162.0,CA,Torrance,Advertising,900 W 223rd St,90502.0,EMAIL
"Sir Speedy Print, Signs, Marketing",http://sirspeedy.com,info@sirspeedyws.com,3102126162.0,CA,Torrance,Advertising,900 W 223rd St,90502.0,EMAIL
"Sir Speedy Print, Signs, Marketing",http://sirspeedy.com,sirspeedyprint@comcast.net,3102126162.0,CA,Torrance,Advertising,900 W 223rd St,90502.0,EMAIL
"Sir Speedy Print, Signs, Marketing",http://sirspeedy.com,orders@sirspeedylakeland.com,3102126162.0,CA,Torrance,Advertising,900 W 223rd St,90502.0,EMAIL
"Sir Speedy Print, Signs, Marketing",http://sirspeedy.com,orders@sirspeedycamarillo.com,3102126162.0,CA,Torrance,Advertising,900 W 223rd St,90502.0,EMAIL
"Sir Speedy Print, Signs, Marketing",http://sirspeedy.com,cortiz@franserv.com,3102126162.0,CA,Torrance,Advertising,900 W 223rd St,90502.0,EMAIL
"Sir Speedy Print, Signs, Marketing",http://sirspeedy.com,info@sirspeedy2116.com,3102126162.0,CA,Torrance,Advertising,900 W 223rd St,90502.0,EMAIL
"Sir Speedy Print, Signs, Marketing",http://sirspeedy.com,sirspeedy@printnwa.com,3102126162.0,CA,Torrance,Advertising,900 W 223rd St,90502.0,EMAIL
"Sir Speedy Print, Signs, Marketing",http://sirspeedy.com,sirspeedyfram@aol.com,3102126162.0,CA,Torrance,Advertising,900 W 223rd St,90502.0,EMAIL
"Sir Speedy Print, Signs, Marketing",http://sirspeedy.com,info@rosevilleprinter.com,3102126162.0,CA,Torrance,Advertising,900 W 223rd St,90502.0,EMAIL
"Sir Speedy Print, Signs, Marketing",http://sirspeedy.com,sspeedy@sirspeedyamarillo.com,3102126162.0,CA,Torrance,Advertising,900 W 223rd St,90502.0,EMAIL
"Sir Speedy Print, Signs, Marketing",http://sirspeedy.com,sirspeedy@sirspeedysa.com,3102126162.0,CA,Torrance,Advertising,900 W 223rd St,90502.0,EMAIL
"Sir Speedy Print, Signs, Marketing",http://sirspeedy.com,info@sirspeedymca.com,3102126162.0,CA,Torrance,Advertising,900 W 223rd St,90502.0,EMAIL
"Sir Speedy Print, Signs, Marketing",http://sirspeedy.com,customerservice@sirspeedyofnewark.com,3102126162.0,CA,Torrance,Advertising,900 W 223rd St,90502.0,EMAIL
"Sir Speedy Print, Signs, Marketing",http://sirspeedy.com,orders@sirspeedyftmyers.com,3102126162.0,CA,Torrance,Advertising,900 W 223rd St,90502.0,EMAIL
"Sir Speedy Print, Signs, Marketing",http://sirspeedy.com,info@sirspeedyaz.com,3102126162.0,CA,Torrance,Advertising,900 W 223rd St,90502.0,EMAIL
"Sir Speedy Print, Signs, Marketing",http://sirspeedy.com,speedy3401@aol.com,3102126162.0,CA,Torrance,Advertising,900 W 223rd St,90502.0,EMAIL
"Sir Speedy Print, Signs, Marketing",http://sirspeedy.com,projects@sirspeedyvienna.com,3102126162.0,CA,Torrance,Advertising,900 W 223rd St,90502.0,EMAIL
"Sir Speedy Print, Signs, Marketing",http://sirspeedy.com,orders@sirspeedycucamonga.com,3102126162.0,CA,Torrance,Advertising,900 W 223rd St,90502.0,EMAIL
"Sir Speedy Print, Signs, Marketing",http://sirspeedy.com,info@sirspeedydetroit.com,3102126162.0,CA,Torrance,Advertising,900 W 223rd St,90502.0,EMAIL
"Sir Speedy Print, Signs, Marketing",http://sirspeedy.com,pat@sirspeedycranston.com,3102126162.0,CA,Torrance,Advertising,900 W 223rd St,90502.0,EMAIL
"Sir Speedy Print, Signs, Marketing",http://sirspeedy.com,info@sirspeedyfargo.com,3102126162.0,CA,Torrance,Advertising,900 W 223rd St,90502.0,EMAIL
"Sir Speedy Print, Signs, Marketing",http://sirspeedy.com,speedytroy@sirspeedyspokane.com,3102126162.0,CA,Torrance,Advertising,900 W 223rd St,90502.0,EMAIL
"Sir Speedy Print, Signs, Marketing",http://sirspeedy.com,info@sirspeedy0905.com,3102126162.0,CA,Torrance,Advertising,900 W 223rd St,90502.0,EMAIL
"Sir Speedy Print, Signs, Marketing",http://sirspeedy.com,accessibility@franserv.com,3102126162.0,CA,Torrance,Advertising,900 W 223rd St,90502.0,EMAIL
"Sir Speedy Print, Signs, Marketing",http://sirspeedy.com,art@sirspeedy6431.com,3102126162.0,CA,Torrance,Advertising,900 W 223rd St,90502.0,EMAIL
"Sir Speedy Print, Signs, Marketing",http://sirspeedy.com,sales@sirspeedydenver.com,3102126162.0,CA,Torrance,Advertising,900 W 223rd St,90502.0,EMAIL
"Sir Speedy Print, Signs, Marketing",http://sirspeedy.com,speedy7061@aol.com,3102126162.0,CA,Torrance,Advertising,900 W 223rd St,90502.0,EMAIL
"Sir Speedy Print, Signs, Marketing",http://sirspeedy.com,graphics@sirspeedylongwood.com,3102126162.0,CA,Torrance,Advertising,900 W 223rd St,90502.0,EMAIL
"Sir Speedy Print, Signs, Marketing",http://sirspeedy.com,print@sir-speedy.net,3102126162.0,CA,Torrance,Advertising,900 W 223rd St,90502.0,EMAIL
"Sir Speedy Print, Signs, Marketing",http://sirspeedy.com,print@sirspeedymidway.com,3102126162.0,CA,Torrance,Advertising,900 W 223rd St,90502.0,EMAIL
"Sir Speedy Print, Signs, Marketing",http://sirspeedy.com,sirspeedyvineland@gmail.com,3102126162.0,CA,Torrance,Advertising,900 W 223rd St,90502.0,EMAIL
"Sir Speedy Print, Signs, Marketing",http://sirspeedy.com,orders@sirspeedyop.com,3102126162.0,CA,Torrance,Advertising,900 W 223rd St,90502.0,EMAIL
"Sir Speedy Print, Signs, Marketing",http://sirspeedy.com,mail@printcopymn.com,3102126162.0,CA,Torrance,Advertising,900 W 223rd St,90502.0,EMAIL
"Sir Speedy Print, Signs, Marketing",http://sirspeedy.com,info@sirspeedytroy.com,3102126162.0,CA,Torrance,Advertising,900 W 223rd St,90502.0,EMAIL
"Sir Speedy Print, Signs, Marketing",http://sirspeedy.com,print@sirspeedywestfield.com,3102126162.0,CA,Torrance,Advertising,900 W 223rd St,90502.0,EMAIL
"Sir Speedy Print, Signs, Marketing",http://sirspeedy.com,info@sirspeedyvalwood.com,3102126162.0,CA,Torrance,Advertising,900 W 223rd St,90502.0,EMAIL
"Sir Speedy Print, Signs, Marketing",http://sirspeedy.com,sirspeedydc@yahoo.com,3102126162.0,CA,Torrance,Advertising,900 W 223rd St,90502.0,EMAIL
"Sir Speedy Print, Signs, Marketing",http://sirspeedy.com,sirspeedy_wg@verizon.net,3102126162.0,CA,Torrance,Advertising,900 W 223rd St,90502.0,EMAIL
"Sir Speedy Print, Signs, Marketing",http://sirspeedy.com,sales@sirspeedytequesta.com,3102126162.0,CA,Torrance,Advertising,900 W 223rd St,90502.0,EMAIL
"Sir Speedy Print, Signs, Marketing",http://sirspeedy.com,sales@sirspeedy-southbay.com,3102126162.0,CA,Torrance,Advertising,900 W 223rd St,90502.0,EMAIL
"Sir Speedy Print, Signs, Marketing",http://sirspeedy.com,orders@sirspeedyjacksonville.com,3102126162.0,CA,Torrance,Advertising,900 W 223rd St,90502.0,EMAIL
"Sir Speedy Print, Signs, Marketing",http://sirspeedy.com,info@sirspeedy5551.com,3102126162.0,CA,Torrance,Advertising,900 W 223rd St,90502.0,EMAIL
"Sir Speedy Print, Signs, Marketing",http://sirspeedy.com,sirspeedy@zoominternet.net,3102126162.0,CA,Torrance,Advertising,900 W 223rd St,90502.0,EMAIL
"Sir Speedy Print, Signs, Marketing",http://sirspeedy.com,design@sirspeedylr.com,3102126162.0,CA,Torrance,Advertising,900 W 223rd St,90502.0,EMAIL
"Sir Speedy Print, Signs, Marketing",http://sirspeedy.com,sirspeedy@rcn.com,3102126162.0,CA,Torrance,Advertising,900 W 223rd St,90502.0,EMAIL
"Sir Speedy Print, Signs, Marketing",http://sirspeedy.com,info@sirspeedysouthbay.net,3102126162.0,CA,Torrance,Advertising,900 W 223rd St,90502.0,EMAIL
"Sir Speedy Print, Signs, Marketing",http://sirspeedy.com,info@sirspeedynewtown.com,3102126162.0,CA,Torrance,Advertising,900 W 223rd St,90502.0,EMAIL
"Sir Speedy Print, Signs, Marketing",http://sirspeedy.com,sirspeedypgh@gmail.com,3102126162.0,CA,Torrance,Advertising,900 W 223rd St,90502.0,EMAIL
"Sir Speedy Print, Signs, Marketing",http://sirspeedy.com,print@sirspeedybna.com,3102126162.0,CA,Torrance,Advertising,900 W 223rd St,90502.0,EMAIL
"Sir Speedy Print, Signs, Marketing",http://sirspeedy.com,print@sirspeedyspringfield.com,3102126162.0,CA,Torrance,Advertising,900 W 223rd St,90502.0,EMAIL
"Sir Speedy Print, Signs, Marketing",http://sirspeedy.com,orders@sirspeedycharlottesville.com,3102126162.0,CA,Torrance,Advertising,900 W 223rd St,90502.0,EMAIL
"Sir Speedy Print, Signs, Marketing",http://sirspeedy.com,inbox@sirspeedywdby.com,3102126162.0,CA,Torrance,Advertising,900 W 223rd St,90502.0,EMAIL
"Sir Speedy Print, Signs, Marketing",http://sirspeedy.com,orders@sscolumbia.com,3102126162.0,CA,Torrance,Advertising,900 W 223rd St,90502.0,EMAIL
"Sir Speedy Print, Signs, Marketing",http://sirspeedy.com,print@sirspeedywilm.com,3102126162.0,CA,Torrance,Advertising,900 W 223rd St,90502.0,EMAIL
"Sir Speedy Print, Signs, Marketing",http://sirspeedy.com,speedy5561@aol.com,3102126162.0,CA,Torrance,Advertising,900 W 223rd St,90502.0,EMAIL
"Sir Speedy Print, Signs, Marketing",http://sirspeedy.com,info@sirspeedyrichmond.com,3102126162.0,CA,Torrance,Advertising,900 W 223rd St,90502.0,EMAIL
"Sir Speedy Print, Signs, Marketing",http://sirspeedy.com,info@sirspeedyraleigh.com,3102126162.0,CA,Torrance,Advertising,900 W 223rd St,90502.0,EMAIL
"Sir Speedy Print, Signs, Marketing",http://sirspeedy.com,printer@kansas.net,3102126162.0,CA,Torrance,Advertising,900 W 223rd St,90502.0,EMAIL
"Sir Speedy Print, Signs, Marketing",http://sirspeedy.com,graphics@sirspeedycv.com,3102126162.0,CA,Torrance,Advertising,900 W 223rd St,90502.0,EMAIL
"Sir Speedy Print, Signs, Marketing",http://sirspeedy.com,brad@sirspeedyvirginia.com,3102126162.0,CA,Torrance,Advertising,900 W 223rd St,90502.0,EMAIL
"Sir Speedy Print, Signs, Marketing",http://sirspeedy.com,sales@sirspeedyps.com,3102126162.0,CA,Torrance,Advertising,900 W 223rd St,90502.0,EMAIL
"Sir Speedy Print, Signs, Marketing",http://sirspeedy.com,anne@sirspeedyolathe.com,3102126162.0,CA,Torrance,Advertising,900 W 223rd St,90502.0,EMAIL
"Sir Speedy Print, Signs, Marketing",http://sirspeedy.com,naper@gotosirspeedy.com,3102126162.0,CA,Torrance,Advertising,900 W 223rd St,90502.0,EMAIL
"Sir Speedy Print, Signs, Marketing",http://sirspeedy.com,info@sirspeedyhills.com,3102126162.0,CA,Torrance,Advertising,900 W 223rd St,90502.0,EMAIL
"Sir Speedy Print, Signs, Marketing",http://sirspeedy.com,mail@sirspeedylr.com,3102126162.0,CA,Torrance,Advertising,900 W 223rd St,90502.0,EMAIL
"Sir Speedy Print, Signs, Marketing",http://sirspeedy.com,sirspeedy6039@yahoo.com,3102126162.0,CA,Torrance,Advertising,900 W 223rd St,90502.0,EMAIL
"Sir Speedy Print, Signs, Marketing",http://sirspeedy.com,quotes@ssbwi.com,3102126162.0,CA,Torrance,Advertising,900 W 223rd St,90502.0,EMAIL
"Sir Speedy Print, Signs, Marketing",http://sirspeedy.com,print@sirspeedymineola.com,3102126162.0,CA,Torrance,Advertising,900 W 223rd St,90502.0,EMAIL
"Sir Speedy Print, Signs, Marketing",http://sirspeedy.com,sirspeedy@gsosirspeedy.com,3102126162.0,CA,Torrance,Advertising,900 W 223rd St,90502.0,EMAIL
"Sir Speedy Print, Signs, Marketing",http://sirspeedy.com,orders@sirspeedyro.com,3102126162.0,CA,Torrance,Advertising,900 W 223rd St,90502.0,EMAIL
"Sir Speedy Print, Signs, Marketing",http://sirspeedy.com,orders@ssarlington.com,3102126162.0,CA,Torrance,Advertising,900 W 223rd St,90502.0,EMAIL
"Sir Speedy Print, Signs, Marketing",http://sirspeedy.com,orders@ssbwi.com,3102126162.0,CA,Torrance,Advertising,900 W 223rd St,90502.0,EMAIL
"Sir Speedy Print, Signs, Marketing",http://sirspeedy.com,cs@sirspeedypleasantville.com,3102126162.0,CA,Torrance,Advertising,900 W 223rd St,90502.0,EMAIL
"Sir Speedy Print, Signs, Marketing",http://sirspeedy.com,jdlag1@sirspeedy4075.com,3102126162.0,CA,Torrance,Advertising,900 W 223rd St,90502.0,EMAIL
"Sir Speedy Print, Signs, Marketing",http://sirspeedy.com,print@northdenversirspeedy.com,3102126162.0,CA,Torrance,Advertising,900 W 223rd St,90502.0,EMAIL
"Sir Speedy Print, Signs, Marketing",http://sirspeedy.com,orders@sirspeedystpete.com,3102126162.0,CA,Torrance,Advertising,900 W 223rd St,90502.0,EMAIL
"Sir Speedy Print, Signs, Marketing",http://sirspeedy.com,mail@sirspeedywv.com,3102126162.0,CA,Torrance,Advertising,900 W 223rd St,90502.0,EMAIL
"Sir Speedy Print, Signs, Marketing",http://sirspeedy.com,shawn@sirspeedydfw.com,3102126162.0,CA,Torrance,Advertising,900 W 223rd St,90502.0,EMAIL
"Sir Speedy Print, Signs, Marketing",http://sirspeedy.com,marketing@sirspeedy.com,3102126162.0,CA,Torrance,Advertising,900 W 223rd St,90502.0,EMAIL
"Sir Speedy Print, Signs, Marketing",http://sirspeedy.com,artwork@sirspeedyprescott.com,3102126162.0,CA,Torrance,Advertising,900 W 223rd St,90502.0,EMAIL
"Sir Speedy Print, Signs, Marketing",http://sirspeedy.com,contact@sirspeedystatesville.com,3102126162.0,CA,Torrance,Advertising,900 W 223rd St,90502.0,EMAIL
"Sir Speedy Print, Signs, Marketing",http://sirspeedy.com,info@sirspeedyorlandosouth.com,3102126162.0,CA,Torrance,Advertising,900 W 223rd St,90502.0,EMAIL
"Sir Speedy Print, Signs, Marketing",http://sirspeedy.com,info@ssglendale.com,3102126162.0,CA,Torrance,Advertising,900 W 223rd St,90502.0,EMAIL
"Sir Speedy Print, Signs, Marketing",http://sirspeedy.com,info@sirspeedyneworleans.com,3102126162.0,CA,Torrance,Advertising,900 W 223rd St,90502.0,EMAIL
"Sir Speedy Print, Signs, Marketing",http://sirspeedy.com,info@sirspeedynj.com,3102126162.0,CA,Torrance,Advertising,900 W 223rd St,90502.0,EMAIL
"Sir Speedy Print, Signs, Marketing",http://sirspeedy.com,bob@sirspeedyprovidence.com,3102126162.0,CA,Torrance,Advertising,900 W 223rd St,90502.0,EMAIL
"Sir Speedy Print, Signs, Marketing",http://sirspeedy.com,saddlepals@aol.com,3102126162.0,CA,Torrance,Advertising,900 W 223rd St,90502.0,EMAIL
"Sir Speedy Print, Signs, Marketing",http://sirspeedy.com,order@sirspeedywest.com,3102126162.0,CA,Torrance,Advertising,900 W 223rd St,90502.0,EMAIL
"Sir Speedy Print, Signs, Marketing",http://sirspeedy.com,contact@sirspeedylkn.com,3102126162.0,CA,Torrance,Advertising,900 W 223rd St,90502.0,EMAIL
"Sir Speedy Print, Signs, Marketing",http://sirspeedy.com,sirspeedyph@outlook.com,3102126162.0,CA,Torrance,Advertising,900 W 223rd St,90502.0,EMAIL
"Sir Speedy Print, Signs, Marketing",http://sirspeedy.com,sales@sirspeedymia.com,3102126162.0,CA,Torrance,Advertising,900 W 223rd St,90502.0,EMAIL
"Sir Speedy Print, Signs, Marketing",http://sirspeedy.com,sirspeedysaginaw@speednetllc.com,3102126162.0,CA,Torrance,Advertising,900 W 223rd St,90502.0,EMAIL
"Sir Speedy Print, Signs, Marketing",http://sirspeedy.com,service@sirspeedy7099.com,3102126162.0,CA,Torrance,Advertising,900 W 223rd St,90502.0,EMAIL
"Sir Speedy Print, Signs, Marketing",http://sirspeedy.com,orders@sirspeedytampa.com,3102126162.0,CA,Torrance,Advertising,900 W 223rd St,90502.0,EMAIL
"Sir Speedy Print, Signs, Marketing",http://sirspeedy.com,connie@sirspeedy4092.com,3102126162.0,CA,Torrance,Advertising,900 W 223rd St,90502.0,EMAIL
"Sir Speedy Print, Signs, Marketing",http://sirspeedy.com,sirspeedy3217@centurytel.net,3102126162.0,CA,Torrance,Advertising,900 W 223rd St,90502.0,EMAIL
"Sir Speedy Print, Signs, Marketing",http://sirspeedy.com,orders@sirspeedyatlanta.com,3102126162.0,CA,Torrance,Advertising,900 W 223rd St,90502.0,EMAIL
"Sir Speedy Print, Signs, Marketing",http://sirspeedy.com,info@sirspeedymonroe.com,3102126162.0,CA,Torrance,Advertising,900 W 223rd St,90502.0,EMAIL
"Sir Speedy Print, Signs, Marketing",http://sirspeedy.com,print@sirspeedymusiccity.com,3102126162.0,CA,Torrance,Advertising,900 W 223rd St,90502.0,EMAIL
"Sir Speedy Print, Signs, Marketing",http://sirspeedy.com,sales@sirspeedy-ni.net,3102126162.0,CA,Torrance,Advertising,900 W 223rd St,90502.0,EMAIL
"Sir Speedy Print, Signs, Marketing",http://sirspeedy.com,send@sirspeedy-newbritain.com,3102126162.0,CA,Torrance,Advertising,900 W 223rd St,90502.0,EMAIL
"Sir Speedy Print, Signs, Marketing",http://sirspeedy.com,brooks@sirspeedyrichardson.com,3102126162.0,CA,Torrance,Advertising,900 W 223rd St,90502.0,EMAIL
"Sir Speedy Print, Signs, Marketing",http://sirspeedy.com,mail@sirspeedypr.com,3102126162.0,CA,Torrance,Advertising,900 W 223rd St,90502.0,EMAIL
"Sir Speedy Print, Signs, Marketing",http://sirspeedy.com,info@sirspeedymn.com,3102126162.0,CA,Torrance,Advertising,900 W 223rd St,90502.0,EMAIL
"Sir Speedy Print, Signs, Marketing",http://sirspeedy.com,info@sirspeedynovi.com,3102126162.0,CA,Torrance,Advertising,900 W 223rd St,90502.0,EMAIL
"Sir Speedy Print, Signs, Marketing",http://sirspeedy.com,sirspeedyberwyn@comcast.net,3102126162.0,CA,Torrance,Advertising,900 W 223rd St,90502.0,EMAIL
"Sir Speedy Print, Signs, Marketing",http://sirspeedy.com,info@sirspeedyboston.com,3102126162.0,CA,Torrance,Advertising,900 W 223rd St,90502.0,EMAIL
"Sir Speedy Print, Signs, Marketing",http://sirspeedy.com,orders@sirspeedysarasota.com,3102126162.0,CA,Torrance,Advertising,900 W 223rd St,90502.0,EMAIL
"Sir Speedy Print, Signs, Marketing",http://sirspeedy.com,sirspeedypalmharbor@verizon.net,3102126162.0,CA,Torrance,Advertising,900 W 223rd St,90502.0,EMAIL
"Sir Speedy Print, Signs, Marketing",http://sirspeedy.com,info@sirspeedycolor.com,3102126162.0,CA,Torrance,Advertising,900 W 223rd St,90502.0,EMAIL
"Sir Speedy Print, Signs, Marketing",http://sirspeedy.com,custsvc@sirspeedywc.com,3102126162.0,CA,Torrance,Advertising,900 W 223rd St,90502.0,EMAIL
"Sir Speedy Print, Signs, Marketing",http://sirspeedy.com,customerservice@sirspeedy6025.com,3102126162.0,CA,Torrance,Advertising,900 W 223rd St,90502.0,EMAIL
"Sir Speedy Print, Signs, Marketing",http://sirspeedy.com,customersupport@franserv.com,3102126162.0,CA,Torrance,Advertising,900 W 223rd St,90502.0,EMAIL
"Sir Speedy Print, Signs, Marketing",http://sirspeedy.com,info@sirspeedyep.com,3102126162.0,CA,Torrance,Advertising,900 W 223rd St,90502.0,EMAIL
"Sir Speedy Print, Signs, Marketing",http://sirspeedy.com,info@sirspeedypb.com,3102126162.0,CA,Torrance,Advertising,900 W 223rd St,90502.0,EMAIL
"Sir Speedy Print, Signs, Marketing",http://sirspeedy.com,info@sirspeedyny.net,3102126162.0,CA,Torrance,Advertising,900 W 223rd St,90502.0,EMAIL
"Sir Speedy Print, Signs, Marketing",http://sirspeedy.com,orders@sirspeedyprinter.com,3102126162.0,CA,Torrance,Advertising,900 W 223rd St,90502.0,EMAIL
"Sir Speedy Print, Signs, Marketing",http://sirspeedy.com,mailus@sirspeedyontario.com,3102126162.0,CA,Torrance,Advertising,900 W 223rd St,90502.0,EMAIL
"Sir Speedy Print, Signs, Marketing",http://sirspeedy.com,contactus@durhamspeedy.com,3102126162.0,CA,Torrance,Advertising,900 W 223rd St,90502.0,EMAIL
"Sir Speedy Print, Signs, Marketing",http://sirspeedy.com,ob@gotosirspeedy.com,3102126162.0,CA,Torrance,Advertising,900 W 223rd St,90502.0,EMAIL
"Sir Speedy Print, Signs, Marketing",http://sirspeedy.com,info@sirspeedygr.com,3102126162.0,CA,Torrance,Advertising,900 W 223rd St,90502.0,EMAIL
"Sir Speedy Print, Signs, Marketing",http://sirspeedy.com,office@sirspeedygb.com,3102126162.0,CA,Torrance,Advertising,900 W 223rd St,90502.0,EMAIL
"Sir Speedy Print, Signs, Marketing",http://sirspeedy.com,info@sirspeedymidtownmiami.com,3102126162.0,CA,Torrance,Advertising,900 W 223rd St,90502.0,EMAIL
"Sir Speedy Print, Signs, Marketing",http://sirspeedy.com,csr@sswhittier.com,3102126162.0,CA,Torrance,Advertising,900 W 223rd St,90502.0,EMAIL
"Sir Speedy Print, Signs, Marketing",http://sirspeedy.com,mail@sirspeedy-aurora.com,3102126162.0,CA,Torrance,Advertising,900 W 223rd St,90502.0,EMAIL
"Sir Speedy Print, Signs, Marketing",http://sirspeedy.com,info@sirspeedyorleans.com,3102126162.0,CA,Torrance,Advertising,900 W 223rd St,90502.0,EMAIL
"Sir Speedy Print, Signs, Marketing",http://sirspeedy.com,sales@gnspeedy.com,3102126162.0,CA,Torrance,Advertising,900 W 223rd St,90502.0,EMAIL
"Sir Speedy Print, Signs, Marketing",http://sirspeedy.com,tclark@sirspeedyburlington.com,3102126162.0,CA,Torrance,Advertising,900 W 223rd St,90502.0,EMAIL
"Sir Speedy Print, Signs, Marketing",http://sirspeedy.com,info@sirspeedyorlando.com,3102126162.0,CA,Torrance,Advertising,900 W 223rd St,90502.0,EMAIL
"Sir Speedy Print, Signs, Marketing",http://sirspeedy.com,sirspeedyannapolis@gmail.com,3102126162.0,CA,Torrance,Advertising,900 W 223rd St,90502.0,EMAIL
"Sir Speedy Print, Signs, Marketing",http://sirspeedy.com,paulina@sirspeedy0257.com,3102126162.0,CA,Torrance,Advertising,900 W 223rd St,90502.0,EMAIL
"Sir Speedy Print, Signs, Marketing",http://sirspeedy.com,graphics2@sirspeedylongbeach.com,3102126162.0,CA,Torrance,Advertising,900 W 223rd St,90502.0,EMAIL
"Sir Speedy Print, Signs, Marketing",http://sirspeedy.com,info@sirspeedyprinting.com,3102126162.0,CA,Torrance,Advertising,900 W 223rd St,90502.0,EMAIL
"Sir Speedy Print, Signs, Marketing",http://sirspeedy.com,mail@sirspeedy.cc,3102126162.0,CA,Torrance,Advertising,900 W 223rd St,90502.0,EMAIL
