Attributes.business_name,Attributes.website_link,Address,Attributes.telephone,Location.PostalCode,Location.Region,Location.City,User.UserAttributes.keyword,Address_line1,ChannelType
Thomas M Lee Law Offices,http://thomasmlee.com,proteam@mopro.com,2132515533,90010.0,CA,Los Angeles,Legal,3435 Wilshire Blvd,EMAIL
Thomas M Lee Law Offices,http://thomasmlee.com,noreply@mopro.com,2132515533,90010.0,CA,Los Angeles,Legal,3435 Wilshire Blvd,EMAIL
Thomas M Lee Law Offices,http://thomasmlee.com,thomas@thomasmlee.com,2132515533,90010.0,CA,Los Angeles,Legal,3435 Wilshire Blvd,EMAIL
Premier Legal Documents,http://premierlegaldocs.com,premierlegaldocs@aol.com,3103652800,90248.0,CA,Gardena,Legal,879 W 190th St,EMAIL
LA Legal Advocates,http://lalegaladvocates.com,lalegaladvocates@gmail.com,3109787426,, , ,Legal, ,EMAIL
Where's Legal,http://whereslegal.com,info@whereslegal.com,8005548426,90405.0,CA,Santa Monica,Legal,3110 Main St,EMAIL
Nova Legal Funding,http://fundmylawsuitnow.com,info@fundmylawsuitnow.com,8007600704,90010.0,CA,Los Angeles,Legal,3550 Wilshire Blvd,EMAIL
Merit Legal Services,http://meritlegalservices.com,meritlegalservices@yahoo.com,3233502486,90250.0,CA,Hawthorne,Legal,2851 West 120th St,EMAIL
Merit Legal Services,http://meritlegalservices.com,webmaster@meritlegalservices.com,3233502486,90250.0,CA,Hawthorne,Legal,2851 West 120th St,EMAIL
Marina Legal Document Preparation,http://familylawdocumentprep.com,terri@familylawdocumentprep.com,3239793356,90292.0,CA,Marina del Rey,Legal,4223 Glencoe Ave,EMAIL
Marina Legal Document Preparation,http://familylawdocumentprep.com,wixofday@wix.com,3239793356,90292.0,CA,Marina del Rey,Legal,4223 Glencoe Ave,EMAIL
Advocate Legal,http://advocatelegal.com,susan@advocatelegal.org,8008460390,90010.0,CA,Los Angeles,Legal,3055 Wilshire Blvd,EMAIL
Stone & Sallus,http://StoneSallusLaw.com,info@stonesalluslaw.com,3108890233,90266.0,CA,Manhattan Beach,Legal,1500 Rosecrans Ave,EMAIL
Chase Law Group,http://chaselawmb.com,info@bizlawchat.com,3105457700,90266.0,CA,Manhattan Beach,Legal,1721 N Sepulveda Blvd,EMAIL
Erik S Velie - Victory Law Group,http://victorylawinjury.com,info@laglcc.org,2134225061,90245.0,CA,El Segundo,Legal,2321 Rosecrans Ave,EMAIL
Erik S Velie - Victory Law Group,http://victorylawinjury.com,erikvelie@victorylawllp.com,2134225061,90245.0,CA,El Segundo,Legal,2321 Rosecrans Ave,EMAIL
Peter Law Group,http://peterlawgroup.com,info@peterlawgroup.com,3102770010,90266.0,CA,Manhattan Beach,Legal,1230 Rosecrans Ave,EMAIL
Shegerian Conniff,http://shegerianconniff.com,info@shegerianconniff.com,3103227500,90245.0,CA,El Segundo,Legal,2041 Rosecrans Ave,EMAIL
BreakPoint Investigations,http://breakpointpi.com,impallari@gmail.com,3108743294,, , ,Legal, ,EMAIL
BreakPoint Investigations,http://breakpointpi.com,info@breakpointpi.com,3108743294,, , ,Legal, ,EMAIL
BreakPoint Investigations,http://breakpointpi.com,team@latofonts.com,3108743294,, , ,Legal, ,EMAIL
Yoffe & Cooper,http://mbeachlaw.com,info@mbeachlaw.com,3109822699,90266.0,CA,Manhattan Beach,Legal,3713 Highland Ave,EMAIL
Yoffe & Cooper,http://mbeachlaw.com,ayoffe@mbeachlaw.com,3109822699,90266.0,CA,Manhattan Beach,Legal,3713 Highland Ave,EMAIL
Yoffe & Cooper,http://mbeachlaw.com,adavila@mbeachlaw.com,3109822699,90266.0,CA,Manhattan Beach,Legal,3713 Highland Ave,EMAIL
Yoffe & Cooper,http://mbeachlaw.com,mkennedy@mbeachlaw.com,3109822699,90266.0,CA,Manhattan Beach,Legal,3713 Highland Ave,EMAIL
Yoffe & Cooper,http://mbeachlaw.com,mcooper@mbeachlaw.com,3109822699,90266.0,CA,Manhattan Beach,Legal,3713 Highland Ave,EMAIL
Yoffe & Cooper,http://mbeachlaw.com,quiz@mbeachlaw.com,3109822699,90266.0,CA,Manhattan Beach,Legal,3713 Highland Ave,EMAIL
Yoffe & Cooper,http://mbeachlaw.com,kstockton@mbeachlaw.com,3109822699,90266.0,CA,Manhattan Beach,Legal,3713 Highland Ave,EMAIL
Yoffe & Cooper,http://mbeachlaw.com,lgeida@mbeachlaw.com,3109822699,90266.0,CA,Manhattan Beach,Legal,3713 Highland Ave,EMAIL
The Law Offices of Ty Anis,http://tyanislaw.com,ty@tyanislaw.com,3109399000,90266.0,CA,Manhattan Beach,Legal,1500 Rosecrans Ave,EMAIL
Strickland Law Firm,http://weslawfirm.com,bill@weslawfirm.com,3236427751,90266.0,CA,Manhattan Beach,Legal,111 N Sepulveda Blvd,EMAIL
Castillo's Paralegal Services,http://castillosparalegal.com,castilloparalegalservices@gmail.com,3105283538,90250.0,CA,Hawthorne,Legal,13405 Inglewood Ave,EMAIL
The Law Offices of Albert Lee Crosner,http://crosnerlaw.com,crosnerlaw@gmail.com,3103185883,90266.0,CA,Manhattan Beach,Legal,1501 Gates Ave,EMAIL
Law Offices of Susan B Geffen,http://susanbgeffenlaw.com,info@susanbgeffen.com,3104060608,90254.0,CA,Hermosa Beach,Legal,2447 Pacific Coast Hwy,EMAIL
Khoo Patent Services - South Bay Branch,http://khoopatent.com,info@khoopatent.com,3105715466,90254.0,CA,Hermosa Beach,Legal,426 33rd St,EMAIL
Law Offices of Kelli L Clarke,http://klclarkelaw.com,klc@klclarkelaw.com,4243903743,90277.0,CA,Redondo Beach,Legal,409 N Pacific Coast Hwy,EMAIL
Bizie Ladie,http://bizieladie.com,vwatson@bizieladiebpp.com,3104843607,90278.0,CA,Redondo Beach,Legal,2512 Artesia Blvd,EMAIL
Bizie Ladie,http://bizieladie.com,vwatson@bizieladie.com,3104843607,90278.0,CA,Redondo Beach,Legal,2512 Artesia Blvd,EMAIL
Aristov Law PC,http://aristovlaw.com,dima@aristovlaw.com,4242593550,90245.0,CA,El Segundo,Legal,222 N Pacific Coast Hwy,EMAIL
Conner & Associates,http://southbaylaw.net,bren@southbaylaw.net,3103760343,90277.0,CA,Redondo Beach,Legal,212 Yacht Club Way,EMAIL
LITILI,http://litiligroup.com,info@litiligroup.com,3109070006,90245.0,CA,El Segundo,Legal,1960 E Grand Ave,EMAIL
South Bay Attorney Service,http://sbaylegal.com/Home.html,client@sbaylegal.com,3103558300,90250.0,CA,Hawthorne,Legal,4351 West 142nd St,EMAIL
South Bay Attorney Service,http://sbaylegal.com/Home.html,sb@sbaylegal.com,3103558300,90250.0,CA,Hawthorne,Legal,4351 West 142nd St,EMAIL
South Bay Attorney Service,http://sbaylegal.com/Home.html,employment@sbaylegal.com,3103558300,90250.0,CA,Hawthorne,Legal,4351 West 142nd St,EMAIL
South Bay Attorney Service,http://sbaylegal.com/Home.html,vc@sbaylegal.com,3103558300,90250.0,CA,Hawthorne,Legal,4351 West 142nd St,EMAIL
South Bay Attorney Service,http://sbaylegal.com/Home.html,oc@sbaylegal.com,3103558300,90250.0,CA,Hawthorne,Legal,4351 West 142nd St,EMAIL
South Bay Attorney Service,http://sbaylegal.com/Home.html,frank_oneil2003@yahoo.com,3103558300,90250.0,CA,Hawthorne,Legal,4351 West 142nd St,EMAIL
South Bay Attorney Service,http://sbaylegal.com/Home.html,sd@sbaylegal.com,3103558300,90250.0,CA,Hawthorne,Legal,4351 West 142nd St,EMAIL
LitiCourt,http://liticourt.com,info@liticourt.com,4243673550,90245.0,CA,El Segundo,Legal,222 North Pacific Coast Hwy,EMAIL
Law Office of Jonas M Grant,http://jonasmgrant.com,jonas@jonasmgrant.com,8187864876,90245.0,CA,El Segundo,Legal,841 Apollo St,EMAIL
Krohn & Moss,http://krohnandmoss.com,info@consumerlawcenter.com,8008753666,90266.0,CA,Manhattan Beach,Legal,1112 Ocean Dr,EMAIL
Hammers & Baltazar,http://hammersbaltazar.com,abaltazar@hammersbaltazar.com,3104580796,, , ,Legal, ,EMAIL
Hammers & Baltazar,http://hammersbaltazar.com,bhammers@hammersbaltazar.com,3104580796,, , ,Legal, ,EMAIL
"Susan Updike, JD RN BSN",http://susanupdike.com,sue.updike@verizon.net,3106258610,90266.0,CA,Manhattan Beach,Legal,532 5th St,EMAIL
"John Q Rodgers, Esq, Tax Attorney",http://johnqrodgers.com,john@johnqrodgers.com,3103723252,90254.0,CA,Hermosa Beach,Legal,2601 Pacific Coast Hwy,EMAIL
"John Q Rodgers, Esq, Tax Attorney",http://johnqrodgers.com,ramon@johnqrodgers.com,3103723252,90254.0,CA,Hermosa Beach,Legal,2601 Pacific Coast Hwy,EMAIL
"John Q Rodgers, Esq, Tax Attorney",http://johnqrodgers.com,luis@johnqrodgers.com,3103723252,90254.0,CA,Hermosa Beach,Legal,2601 Pacific Coast Hwy,EMAIL
"John Q Rodgers, Esq, Tax Attorney",http://johnqrodgers.com,aryana@johnqrodgers.com,3103723252,90254.0,CA,Hermosa Beach,Legal,2601 Pacific Coast Hwy,EMAIL
"John Q Rodgers, Esq, Tax Attorney",http://johnqrodgers.com,jb@johnqrodgers.com,3103723252,90254.0,CA,Hermosa Beach,Legal,2601 Pacific Coast Hwy,EMAIL
"John Q Rodgers, Esq, Tax Attorney",http://johnqrodgers.com,joseph@johnqrodgers.com,3103723252,90254.0,CA,Hermosa Beach,Legal,2601 Pacific Coast Hwy,EMAIL
"John Q Rodgers, Esq, Tax Attorney",http://johnqrodgers.com,alla@johnqrodgers.com,3103723252,90254.0,CA,Hermosa Beach,Legal,2601 Pacific Coast Hwy,EMAIL
